timestamp,actual,predicted
2013-12-16 00:00:00,222.30826,213.04543401985302
2013-12-16 00:10:00,211.72433,206.17840580398865
2013-12-16 00:20:00,228.3671,195.9477552766357
2013-12-16 00:30:00,209.08351,201.92833496767298
2013-12-16 00:40:00,192.91374,192.93440206934474
2013-12-16 00:50:00,192.76501,178.0201044669368
2013-12-16 01:00:00,206.97308,170.94378976538792
2013-12-16 01:10:00,234.10466,177.6157745924786
2013-12-16 01:20:00,206.42862,199.50382342863213
2013-12-16 01:30:00,206.32529,192.7530692937528
2013-12-16 01:40:00,195.2828,188.62811358128465
2013-12-16 01:50:00,187.51591,179.35060403425473
2013-12-16 02:00:00,169.92992,169.99613527580527
2013-12-16 02:10:00,193.78354,154.745531676753
2013-12-16 02:20:00,169.874,163.8521454736649
2013-12-16 02:30:00,167.73363,154.59103074094037
2013-12-16 02:40:00,196.84103,149.63961681811793
2013-12-16 02:50:00,163.31662,167.50715409790814
2013-12-16 03:00:00,164.88988,156.13228748288861
2013-12-16 03:10:00,213.83914,152.0928025375281
2013-12-16 03:20:00,168.66272,183.18233060942862
2013-12-16 03:30:00,166.91852,170.77297037640278
2013-12-16 03:40:00,187.45837,163.52829906177772
2013-12-16 03:50:00,171.63751,174.3734841695466
2013-12-16 04:00:00,169.25966,171.08352729453895
2013-12-16 04:10:00,178.00412,169.0357858244729
2013-12-16 04:20:00,168.92126,175.18049374356815
2013-12-16 04:30:00,171.16241,174.01449795236454
2013-12-16 04:40:00,205.22343,176.34557814811592
2013-12-16 04:50:00,189.87572,201.25301533741526
2013-12-16 05:00:00,199.52766,205.24715244635058
2013-12-16 05:10:00,182.89713,214.0387438633095
2013-12-16 05:20:00,229.88231,208.41390642032138
2013-12-16 05:30:00,194.64496,236.88479595502076
2013-12-16 05:40:00,224.58917,229.51453985721014
2013-12-16 05:50:00,237.17328,245.51936672466786
2013-12-16 06:00:00,303.32068,262.70363948392264
2013-12-16 06:10:00,308.52094,314.6963925884629
2013-12-16 06:20:00,344.40997,343.92568661317955
2013-12-16 06:30:00,428.8805,379.8385710645209
2013-12-16 06:40:00,472.67004,450.2981572872584
2013-12-16 06:50:00,609.2558,510.91053988214003
2013-12-16 07:00:00,728.3173,624.8242657087387
2013-12-16 07:10:00,860.0231,752.7799180391821
2013-12-16 07:20:00,1125.8514,892.6714352161139
2013-12-16 07:30:00,1168.1613,1122.6057828984042
2013-12-16 07:40:00,1387.155,1249.4817706783472
2013-12-16 07:50:00,1756.5063,1433.969086736348
2013-12-16 08:00:00,2052.4333,1745.2501727539047
2013-12-16 08:10:00,2183.5962,2069.3171608745397
2013-12-16 08:20:00,2043.3542,2285.1857441426127
2013-12-16 08:30:00,2211.981,2265.628039886099
2013-12-16 08:40:00,2340.4595,2331.1853403697132
2013-12-16 08:50:00,2499.4402,2424.686877233053
2013-12-16 09:00:00,2422.3499,2555.7592255385352
2013-12-16 09:10:00,2569.7798,2553.541066759709
2013-12-16 09:20:00,2579.7612,2630.1208024916186
2013-12-16 09:30:00,2654.0537,2662.118164958443
2013-12-16 09:40:00,2848.7236,2713.8114677593617
2013-12-16 09:50:00,2786.2073,2855.430749626709
2013-12-16 10:00:00,2861.6458,2875.078292427895
2013-12-16 10:10:00,2811.4268,2919.8852945619606
2013-12-16 10:20:00,2873.9026,2898.626352580908
2013-12-16 10:30:00,2930.763,2918.6247732089478
2013-12-16 10:40:00,3040.112,2959.033248302048
2013-12-16 10:50:00,3118.5771,3044.0702347690453
2013-12-16 11:00:00,2854.6624,3130.4646092299868
2013-12-16 11:10:00,2981.6665,2992.778018848481
2013-12-16 11:20:00,3125.8438,2996.0594610656153
2013-12-16 11:30:00,3391.409,3089.569548108884
2013-12-16 11:40:00,3522.35,3306.0986978077617
2013-12-16 11:50:00,3438.2263,3491.5778629307288
2013-12-16 12:00:00,3530.8872,3513.235308575658
2013-12-16 12:10:00,3249.5356,3564.005724791519
2013-12-16 12:20:00,3270.1116,3391.186321513378
2013-12-16 12:30:00,3355.1326,3305.480843675055
2013-12-16 12:40:00,3163.86,3316.5124560209892
2013-12-16 12:50:00,3426.3613,3200.0090522004134
2013-12-16 13:00:00,3390.733,3312.9132783717255
2013-12-16 13:10:00,3217.6746,3350.5995172561607
2013-12-16 13:20:00,3293.2998,3254.2700051339903
2013-12-16 13:30:00,3250.9749,3251.4375143212474
2013-12-16 13:40:00,2988.6755,3223.640454709407
2013-12-16 13:50:00,2891.0247,3039.9672285993975
2013-12-16 14:00:00,2885.945,2886.709353981675
2013-12-16 14:10:00,3058.1343,2816.454633664115
2013-12-16 14:20:00,2785.3396,2906.211440455455
2013-12-16 14:30:00,3014.1555,2785.152880051995
2013-12-16 14:40:00,2961.3494,2876.9073576870987
2013-12-16 14:50:00,2770.2827,2895.5624051020623
2013-12-16 15:00:00,2893.5415,2781.2591710022243
2013-12-16 15:10:00,3021.9102,2803.8562369901433
2013-12-16 15:20:00,3028.2185,2902.962465914905
2013-12-16 15:30:00,3020.55,2957.971080218799
2013-12-16 15:40:00,2886.4558,2976.659668671949
2013-12-16 15:50:00,2971.2048,2893.80968710286
2013-12-16 16:00:00,2918.5884,2903.4563168137906
2013-12-16 16:10:00,2771.499,2875.0726529857398
2013-12-16 16:20:00,2934.1196,2765.8541579279017
2013-12-16 16:30:00,2954.7515,2818.959479097773
2013-12-16 16:40:00,2941.6682,2865.0077537480124
2013-12-16 16:50:00,2747.211,2881.2604088966073
2013-12-16 17:00:00,2658.7869,2762.46291616659
2013-12-16 17:10:00,2650.0586,2645.33360000786
2013-12-16 17:20:00,2317.7249,2586.948424158114
2013-12-16 17:30:00,2560.4683,2351.7969707604107
2013-12-16 17:40:00,2174.4463,2402.39244834638
2013-12-16 17:50:00,2060.105,2194.7808659705993
2013-12-16 18:00:00,2025.3452,2027.9021124580445
2013-12-16 18:10:00,1840.871,1939.765952632477
2013-12-16 18:20:00,1864.1748,1796.2201834958405
2013-12-16 18:30:00,1815.9197,1758.2371659640994
2013-12-16 18:40:00,1556.177,1727.4144274944956
2013-12-16 18:50:00,1483.828,1558.833976779583
2013-12-16 19:00:00,1350.4186,1440.6049195772969
2013-12-16 19:10:00,1286.6215,1312.0907211135213
2013-12-16 19:20:00,1215.8221,1224.2554213489175
2013-12-16 19:30:00,1162.7462,1152.8763762475737
2013-12-16 19:40:00,1167.4231,1099.7856648431589
2013-12-16 19:50:00,962.3014,1091.499629131967
2013-12-16 20:00:00,951.89545,967.2008594107692
2013-12-16 20:10:00,927.24634,908.3302123705188
2013-12-16 20:20:00,875.95105,875.6702887821302
2013-12-16 20:30:00,853.0675,837.648368000432
2013-12-16 20:40:00,817.6552,813.4386692446
2013-12-16 20:50:00,764.6574,786.8262800601193
2013-12-16 21:00:00,819.1556,746.1859780169576
2013-12-16 21:10:00,746.0707,767.4756743009982
2013-12-16 21:20:00,672.63776,736.6584122156964
2013-12-16 21:30:00,686.4749,676.909101600899
2013-12-16 21:40:00,691.57684,659.9366798497217
2013-12-16 21:50:00,721.8354,660.1152500135462
2013-12-16 22:00:00,670.4379,684.1706545968173
2013-12-16 22:10:00,651.57837,665.5896528867848
2013-12-16 22:20:00,609.9294,644.8894734616674
2013-12-16 22:30:00,588.9925,608.9095811623911
2013-12-16 22:40:00,525.4099,579.2721625174532
2013-12-16 22:50:00,516.77344,526.1252701481114
2013-12-16 23:00:00,467.06073,497.3832416994511
2013-12-16 23:10:00,495.03104,455.4250403163761
2013-12-16 23:20:00,440.19058,457.09418343398454
2013-12-16 23:30:00,458.8445,427.0716688127834
2013-12-16 23:40:00,489.79425,427.3026205686549
2013-12-16 23:50:00,408.49872,450.79110714194803
2013-12-17 00:00:00,388.28894,411.7371368638361
2013-12-17 00:10:00,415.64603,379.4670597862721
2013-12-17 00:20:00,387.5084,383.09694663980645
2013-12-17 00:30:00,314.92847,369.3055166768123
2013-12-17 00:40:00,360.4596,316.93683120236585
2013-12-17 00:50:00,302.23495,322.2085541541485
2013-12-17 01:00:00,288.7284,290.5780912978363
2013-12-17 01:10:00,350.71536,268.29292266406105
2013-12-17 01:20:00,315.43918,300.4309574560425
2013-12-17 01:30:00,325.187,296.5160894214688
2013-12-17 01:40:00,376.63162,301.52401212734014
2013-12-17 01:50:00,344.88116,338.07777322556205
2013-12-17 02:00:00,306.31808,335.9157508729038
2013-12-17 02:10:00,379.13046,308.49348970592064
2013-12-17 02:20:00,325.17874,341.57014311730586
2013-12-17 02:30:00,319.2871,324.0456794062752
2013-12-17 02:40:00,333.00015,311.0106077294748
2013-12-17 02:50:00,284.91956,314.2248268387784
2013-12-17 03:00:00,282.09207,286.0892154618833
2013-12-17 03:10:00,316.85693,271.55255145455953
2013-12-17 03:20:00,279.53867,289.4798199206946
2013-12-17 03:30:00,316.08957,276.9908632210056
2013-12-17 03:40:00,313.36972,296.07894755684447
2013-12-17 03:50:00,296.68118,305.8904875707119
2013-12-17 04:00:00,290.39072,300.97511958026826
2013-12-17 04:10:00,339.114,295.2593242606431
2013-12-17 04:20:00,308.09247,325.38503088098037
2013-12-17 04:30:00,294.46112,321.9195473838507
2013-12-17 04:40:00,315.0319,311.7252624842183
2013-12-17 04:50:00,331.99133,321.05511204963545
2013-12-17 05:00:00,317.041,338.47373227216326
2013-12-17 05:10:00,330.7334,338.7926134353893
2013-12-17 05:20:00,338.5261,348.58901475523635
2013-12-17 05:30:00,311.98495,359.6152204468399
2013-12-17 05:40:00,377.2446,348.7681496206226
2013-12-17 05:50:00,364.60797,386.4611617993942
2013-12-17 06:00:00,463.99982,398.50530123896306
2013-12-17 06:10:00,515.5596,468.83157069037134
2013-12-17 06:20:00,516.2354,536.9800998514845
2013-12-17 06:30:00,538.05585,568.2674609396752
2013-12-17 06:40:00,723.5852,593.2453373191726
2013-12-17 06:50:00,763.5819,721.825147266751
2013-12-17 07:00:00,728.2444,807.8221988687267
2013-12-17 07:10:00,929.1893,819.3332711441112
2013-12-17 07:20:00,1197.8625,946.2186523267137
2013-12-17 07:30:00,1237.7401,1176.8620542154872
2013-12-17 07:40:00,1657.8984,1306.710848659643
2013-12-17 07:50:00,1860.2917,1625.9992820685081
2013-12-17 08:00:00,2083.8604,1897.3786230816718
2013-12-17 08:10:00,2054.5942,2149.5503526837792
2013-12-17 08:20:00,2340.4487,2224.132889566405
2013-12-17 08:30:00,2494.3694,2413.4695691040815
2013-12-17 08:40:00,2697.0933,2581.0640588690653
2013-12-17 08:50:00,2653.805,2768.8795938791454
2013-12-17 09:00:00,2913.4268,2807.584090035391
2013-12-17 09:10:00,2943.049,2968.41288674242
2013-12-17 09:20:00,2912.6917,3046.9823083575875
2013-12-17 09:30:00,2882.7917,3044.550664805509
2013-12-17 09:40:00,2897.9875,3005.2609007816895
2013-12-17 09:50:00,3178.6436,2982.7652006719545
2013-12-17 10:00:00,2957.539,3146.419980952694
2013-12-17 10:10:00,3091.1826,3079.5301470862605
2013-12-17 10:20:00,2935.6855,3121.9098820670406
2013-12-17 10:30:00,3038.8826,3036.9723128725436
2013-12-17 10:40:00,3033.9995,3055.9206903115337
2013-12-17 10:50:00,3046.005,3061.4581143494634
2013-12-17 11:00:00,3170.3352,3069.970411808353
2013-12-17 11:10:00,3287.0544,3152.5305408117556
2013-12-17 11:20:00,3273.398,3266.4044343388405
2013-12-17 11:30:00,3428.1892,3307.3874577442616
2013-12-17 11:40:00,3300.2437,3417.5514346605373
2013-12-17 11:50:00,3524.2598,3379.1782168588084
2013-12-17 12:00:00,3532.397,3492.888940399776
2013-12-17 12:10:00,3420.4385,3546.8865578681343
2013-12-17 12:20:00,3283.0588,3489.6891851339997
2013-12-17 12:30:00,3427.2717,3361.311383561362
2013-12-17 12:40:00,3333.6228,3385.933720817709
2013-12-17 12:50:00,3423.7214,3339.0052659706307
2013-12-17 13:00:00,3479.524,3373.4796853106677
2013-12-17 13:10:00,3253.9463,3427.7320439888294
2013-12-17 13:20:00,3157.2212,3306.553692870052
2013-12-17 13:30:00,3336.7227,3179.5150814381777
2013-12-17 13:40:00,3390.9922,3235.334554916517
2013-12-17 13:50:00,3404.9238,3305.067661287728
2013-12-17 14:00:00,3288.246,3350.066712466494
2013-12-17 14:10:00,3316.8,3293.781430505857
2013-12-17 14:20:00,3067.6777,3279.93345049022
2013-12-17 14:30:00,3504.3923,3110.604985644536
2013-12-17 14:40:00,3546.8486,3309.908085819413
2013-12-17 14:50:00,3474.9421,3443.503326744085
2013-12-17 15:00:00,3474.5674,3458.2127738464214
2013-12-17 15:10:00,3764.5303,3455.4528816390393
2013-12-17 15:20:00,3574.871,3634.6835453837775
2013-12-17 15:30:00,3395.2378,3595.122435526193
2013-12-17 15:40:00,3378.8628,3446.8850515356353
2013-12-17 15:50:00,3221.695,3356.5387687775938
2013-12-17 16:00:00,3290.868,3212.541515016139
2013-12-17 16:10:00,3329.6926,3192.3010961118
2013-12-17 16:20:00,3222.8572,3218.4884791782524
2013-12-17 16:30:00,3108.7495,3170.616543249344
2013-12-17 16:40:00,2915.6516,3077.5305801394534
2013-12-17 16:50:00,2874.3008,2911.7632506129557
2013-12-17 17:00:00,2772.0293,2811.318254698732
2013-12-17 17:10:00,2927.0054,2709.0342581460327
2013-12-17 17:20:00,2516.4592,2773.321275267962
2013-12-17 17:30:00,2449.7654,2553.553956543433
2013-12-17 17:40:00,2397.9626,2408.8527876942317
2013-12-17 17:50:00,2353.1257,2319.3302183630913
2013-12-17 18:00:00,2134.7422,2263.7479073105196
2013-12-17 18:10:00,2112.6353,2111.181727447296
2013-12-17 18:20:00,1947.939,2035.608352441699
2013-12-17 18:30:00,1829.2688,1908.5854027260787
2013-12-17 18:40:00,1907.5634,1784.349804183453
2013-12-17 18:50:00,1698.4341,1790.628213173441
2013-12-17 19:00:00,1633.7745,1675.732619178446
2013-12-17 19:10:00,1544.1361,1588.9612035160098
2013-12-17 19:20:00,1431.9978,1501.7872046855591
2013-12-17 19:30:00,1385.2742,1399.750204346141
2013-12-17 19:40:00,1527.5688,1332.7656833804258
2013-12-17 19:50:00,1436.9327,1406.420664445153
2013-12-17 20:00:00,1300.8354,1397.2624821734782
2013-12-17 20:10:00,1182.804,1310.115527383441
2013-12-17 20:20:00,1130.9696,1194.927544489881
2013-12-17 20:30:00,1155.9694,1111.6944694469485
2013-12-17 20:40:00,1180.3082,1097.3691083634565
2013-12-17 20:50:00,978.6412,1117.353097280692
2013-12-17 21:00:00,988.71124,1004.8126719249763
2013-12-17 21:10:00,1085.068,960.5265121631744
2013-12-17 21:20:00,1033.1768,1009.8219445417772
2013-12-17 21:30:00,944.34955,1008.5443723142512
2013-12-17 21:40:00,942.0194,953.3698233674637
2013-12-17 21:50:00,967.81134,926.7086457624403
2013-12-17 22:00:00,1005.8289,934.2870505221169
2013-12-17 22:10:00,907.166,966.6371031229012
2013-12-17 22:20:00,756.8508,920.8457986247564
2013-12-17 22:30:00,723.37573,800.5427453079102
2013-12-17 22:40:00,765.8621,721.3007955241053
2013-12-17 22:50:00,716.9842,716.6006815383407
2013-12-17 23:00:00,661.3385,690.8752405885762
2013-12-17 23:10:00,632.7722,647.7527895514311
2013-12-17 23:20:00,580.1305,612.8238471463762
2013-12-17 23:30:00,556.2925,566.62616351768
2013-12-17 23:40:00,602.6932,533.3581122189979
2013-12-17 23:50:00,549.747,552.4700687520976
2013-12-18 00:00:00,485.12848,532.6985015262151
2013-12-18 00:10:00,531.80493,483.42139731356144
2013-12-18 00:20:00,523.7164,491.7927795358367
2013-12-18 00:30:00,457.69116,494.57659242790436
2013-12-18 00:40:00,520.6367,455.2565530834594
2013-12-18 00:50:00,493.67102,477.89498063802364
2013-12-18 01:00:00,406.31778,474.25102532822393
2013-12-18 01:10:00,450.19852,416.46558463023996
2013-12-18 01:20:00,436.3538,416.99930658908653
2013-12-18 01:30:00,380.04153,411.48454897516206
2013-12-18 01:40:00,439.22012,374.4201456938139
2013-12-18 01:50:00,414.0453,396.3263519618133
2013-12-18 02:00:00,377.93063,393.95311906238186
2013-12-18 02:10:00,423.2731,370.5792015367598
2013-12-18 02:20:00,431.6105,389.57632611919195
2013-12-18 02:30:00,381.568,406.4868572295428
2013-12-18 02:40:00,433.5383,383.1654807424699
2013-12-18 02:50:00,402.70056,405.3764327192978
2013-12-18 03:00:00,372.7359,397.8082662664057
2013-12-18 03:10:00,415.75565,374.919625490545
2013-12-18 03:20:00,406.3473,392.47139071820914
2013-12-18 03:30:00,371.60526,397.21448146734394
2013-12-18 03:40:00,420.7162,378.11339264411015
2013-12-18 03:50:00,392.8665,401.537623486101
2013-12-18 04:00:00,370.8636,397.1572132900757
2013-12-18 04:10:00,419.274,381.5676817874736
2013-12-18 04:20:00,399.49872,406.6157846834443
2013-12-18 04:30:00,368.65482,408.40657871409724
2013-12-18 04:40:00,424.9937,390.19920093726927
2013-12-18 04:50:00,428.42404,418.8959945814995
2013-12-18 05:00:00,389.51395,437.5739200937687
2013-12-18 05:10:00,434.3549,422.3568073597746
2013-12-18 05:20:00,427.3218,444.2010303830154
2013-12-18 05:30:00,394.56573,451.97556281563476
2013-12-18 05:40:00,496.37943,435.18872082500263
2013-12-18 05:50:00,473.81973,493.6094426462799
2013-12-18 06:00:00,486.70123,509.70897875028265
2013-12-18 06:10:00,599.9542,525.0856209813393
2013-12-18 06:20:00,525.7067,605.3316293207779
2013-12-18 06:30:00,586.37915,596.0826222241858
2013-12-18 06:40:00,784.0884,627.0594666890419
2013-12-18 06:50:00,714.16705,768.9968873893436
2013-12-18 07:00:00,779.42487,791.6763918953561
2013-12-18 07:10:00,981.38135,837.4481261167542
2013-12-18 07:20:00,1149.291,985.1432011668076
2013-12-18 07:30:00,1348.9604,1161.2407220051941
2013-12-18 07:40:00,1568.0529,1367.1657335540044
2013-12-18 07:50:00,1768.0126,1595.7821793214127
2013-12-18 08:00:00,2023.6375,1818.5856274080238
2013-12-18 08:10:00,2272.9026,2070.3752405829996
2013-12-18 08:20:00,2444.1504,2329.716823805572
2013-12-18 08:30:00,2440.6448,2538.944741176067
2013-12-18 08:40:00,2575.3638,2607.403439202474
2013-12-18 08:50:00,2680.1409,2696.492920345886
2013-12-18 09:00:00,2715.6216,2783.370702982481
2013-12-18 09:10:00,2921.397,2827.9060135233008
2013-12-18 09:20:00,2777.683,2964.558978815833
2013-12-18 09:30:00,2773.9453,2923.703956843417
2013-12-18 09:40:00,2989.9443,2883.956285637574
2013-12-18 09:50:00,2846.941,2994.4057519455873
2013-12-18 10:00:00,2811.032,2950.8947122640684
2013-12-18 10:10:00,3279.4287,2896.7244142186532
2013-12-18 10:20:00,3163.4817,3169.0530527258416
2013-12-18 10:30:00,3015.9001,3227.2676767989433
2013-12-18 10:40:00,3284.274,3145.927790112245
2013-12-18 10:50:00,3299.7688,3266.6959771946595
2013-12-18 11:00:00,2981.039,3330.7794635358246
2013-12-18 11:10:00,3214.531,3145.3814518616155
2013-12-18 11:20:00,3171.6145,3194.459573851896
2013-12-18 11:30:00,3339.469,3191.6875760398543
2013-12-18 11:40:00,3410.105,3296.684598091433
2013-12-18 11:50:00,3605.2385,3392.089661296236
2013-12-18 12:00:00,3426.0024,3558.532713810425
2013-12-18 12:10:00,3416.0273,3514.2739938428363
2013-12-18 12:20:00,3399.9404,3470.2748489533233
2013-12-18 12:30:00,3227.8,3428.82115869985
2013-12-18 12:40:00,3338.311,3291.690116109481
2013-12-18 12:50:00,3355.9119,3293.448550269336
2013-12-18 13:00:00,3166.157,3310.0787110807873
2013-12-18 13:10:00,3369.87,3197.325946237326
2013-12-18 13:20:00,3113.4395,3273.7102209436534
2013-12-18 13:30:00,3275.354,3149.7786787482673
2013-12-18 13:40:00,3055.2415,3192.446441646387
2013-12-18 13:50:00,2968.3508,3075.275095091054
2013-12-18 14:00:00,2976.4424,2961.433542085071
2013-12-18 14:10:00,2978.9148,2915.746490430185
2013-12-18 14:20:00,2843.1064,2903.306006949513
2013-12-18 14:30:00,2873.2676,2816.548564702981
2013-12-18 14:40:00,3034.583,2798.484875663613
2013-12-18 14:50:00,2952.284,2901.550651288934
2013-12-18 15:00:00,2992.3245,2904.6343524494355
2013-12-18 15:10:00,3030.435,2930.7084253811645
2013-12-18 15:20:00,2983.1575,2966.995562963631
2013-12-18 15:30:00,2836.9736,2951.9490618906193
2013-12-18 15:40:00,2978.4668,2846.2357752370963
2013-12-18 15:50:00,3022.2869,2884.07056053845
2013-12-18 16:00:00,2991.5867,2935.048469593631
2013-12-18 16:10:00,2801.4204,2941.1402381333055
2013-12-18 16:20:00,2843.474,2818.926998411628
2013-12-18 16:30:00,2739.062,2784.314376526451
2013-12-18 16:40:00,2828.4387,2704.3823347980533
2013-12-18 16:50:00,2639.4653,2727.973855608995
2013-12-18 17:00:00,2697.9636,2624.480478094652
2013-12-18 17:10:00,2509.2979,2615.387311777001
2013-12-18 17:20:00,2373.9258,2496.428232507492
2013-12-18 17:30:00,2274.869,2355.8357929505623
2013-12-18 17:40:00,2122.9448,2232.0736050392907
2013-12-18 17:50:00,2104.6555,2086.0628202820694
2013-12-18 18:00:00,1954.2174,2017.4957868056836
2013-12-18 18:10:00,1900.6039,1903.7326670416392
2013-12-18 18:20:00,1830.8048,1828.2912009881138
2013-12-18 18:30:00,1645.0162,1761.9965699187564
2013-12-18 18:40:00,1657.5729,1623.6204337298695
2013-12-18 18:50:00,1499.5961,1576.9407427490573
2013-12-18 19:00:00,1415.3048,1467.4685361603297
2013-12-18 19:10:00,1484.5228,1372.0857084838167
2013-12-18 19:20:00,1344.5981,1384.440681999867
2013-12-18 19:30:00,1296.4247,1314.4887855558484
2013-12-18 19:40:00,1235.2767,1258.3048700393665
2013-12-18 19:50:00,1203.8081,1200.9790229025948
2013-12-18 20:00:00,1060.9435,1161.9887108480416
2013-12-18 20:10:00,1170.2113,1059.5804061169624
2013-12-18 20:20:00,993.6036,1088.3660854867314
2013-12-18 20:30:00,968.93866,998.837270997594
2013-12-18 20:40:00,1047.5736,944.6741437417895
2013-12-18 20:50:00,1083.4265,977.4334014207584
2013-12-18 21:00:00,916.08826,1025.3480386093488
2013-12-18 21:10:00,1061.1027,944.7161386384942
2013-12-18 21:20:00,863.02856,999.583250921369
2013-12-18 21:30:00,815.0375,902.5023229297113
2013-12-18 21:40:00,800.18884,823.6616329709661
2013-12-18 21:50:00,839.25116,779.835370431093
2013-12-18 22:00:00,747.428,790.4561063835966
2013-12-18 22:10:00,753.55945,742.8535837587276
2013-12-18 22:20:00,731.6779,727.2531381642895
2013-12-18 22:30:00,626.659,710.1831646051953
2013-12-18 22:40:00,700.3663,637.5037247476234
2013-12-18 22:50:00,573.64374,652.7055599017958
2013-12-18 23:00:00,551.97705,583.56141772264
2013-12-18 23:10:00,509.2812,538.1993707812394
2013-12-18 23:20:00,505.8967,493.1482732392315
2013-12-18 23:30:00,428.34677,474.110452533008
2013-12-18 23:40:00,451.18958,420.0407445237814
2013-12-18 23:50:00,433.8096,412.7030531366409
2013-12-19 00:00:00,382.50232,403.3170951474997
2013-12-19 00:10:00,425.52,369.32920716587
2013-12-19 00:20:00,422.1245,383.4174691965475
2013-12-19 00:30:00,365.89777,391.70217969609513
2013-12-19 00:40:00,390.98126,360.9334957823844
2013-12-19 00:50:00,364.15405,362.6131495127579
2013-12-19 01:00:00,346.4092,347.862570075039
2013-12-19 01:10:00,363.6704,330.1773503795796
2013-12-19 01:20:00,336.38782,334.08555263424887
2013-12-19 01:30:00,334.36816,320.1639063196213
2013-12-19 01:40:00,341.22464,313.0862189417939
2013-12-19 01:50:00,362.49945,315.5370451009409
2013-12-19 02:00:00,318.2502,332.02401602613105
2013-12-19 02:10:00,352.77246,312.49875713635817
2013-12-19 02:20:00,335.25732,325.3434362757548
2013-12-19 02:30:00,325.40125,321.5496365083469
2013-12-19 02:40:00,332.80957,313.7504639664996
2013-12-19 02:50:00,322.70392,315.49249033050813
2013-12-19 03:00:00,294.57678,311.0316119714453
2013-12-19 03:10:00,348.22983,291.6903856390007
2013-12-19 03:20:00,315.64874,318.2986311814621
2013-12-19 03:30:00,298.32684,312.58597907921893
2013-12-19 03:40:00,366.72327,299.25092759538654
2013-12-19 03:50:00,309.5078,338.2852353414489
2013-12-19 04:00:00,294.11905,322.46013760991275
2013-12-19 04:10:00,335.91272,304.6816472650804
2013-12-19 04:20:00,328.00903,324.3384169763933
2013-12-19 04:30:00,307.71188,331.2552743522479
2013-12-19 04:40:00,398.04947,322.7393474106834
2013-12-19 04:50:00,327.98383,378.25393129995075
2013-12-19 05:00:00,329.04965,362.0209520141293
2013-12-19 05:10:00,384.1742,353.86896469570684
2013-12-19 05:20:00,277.47937,386.44603199375
2013-12-19 05:30:00,274.72568,334.9087691250121
2013-12-19 05:40:00,325.9572,307.77128560011494
2013-12-19 05:50:00,334.89874,330.73839351534014
2013-12-19 06:00:00,386.31302,351.91273924729916
2013-12-19 06:10:00,424.3793,397.9494562252817
2013-12-19 06:20:00,477.29263,446.4622566836527
2013-12-19 06:30:00,715.128,503.8438972336909
2013-12-19 06:40:00,884.72595,684.1049282234708
2013-12-19 06:50:00,785.541,879.4029215937653
2013-12-19 07:00:00,678.97546,900.8844861120587
2013-12-19 07:10:00,819.58746,826.2190315834126
2013-12-19 07:20:00,879.0157,868.9409294540449
2013-12-19 07:30:00,1063.2784,924.6541917397249
2013-12-19 07:40:00,1343.3224,1067.3231930237403
2013-12-19 07:50:00,1527.7472,1314.1649543148262
2013-12-19 08:00:00,1859.0157,1545.6461949089153
2013-12-19 08:10:00,1937.3192,1856.5353370059015
2013-12-19 08:20:00,2040.3126,2037.6414060516088
2013-12-19 08:30:00,2293.7754,2163.4241266315526
2013-12-19 08:40:00,2391.542,2360.7392698081103
2013-12-19 08:50:00,2310.9873,2495.838933388707
2013-12-19 09:00:00,2419.8958,2483.3369538763
2013-12-19 09:10:00,2641.6396,2522.900544767468
2013-12-19 09:20:00,2614.3936,2669.825814541926
2013-12-19 09:30:00,2709.894,2711.457330608874
2013-12-19 09:40:00,2891.0874,2777.648200598296
2013-12-19 09:50:00,2683.944,2914.49995569426
2013-12-19 10:00:00,2721.842,2835.09034367162
2013-12-19 10:10:00,2922.3674,2804.8289670625973
2013-12-19 10:20:00,2925.5017,2912.6644849726117
2013-12-19 10:30:00,2795.0598,2963.9499825320463
2013-12-19 10:40:00,2981.7654,2896.188166315802
2013-12-19 10:50:00,2826.9607,2974.991432405733
2013-12-19 11:00:00,2799.4988,2910.092554318161
2013-12-19 11:10:00,3123.9639,2853.413913919565
2013-12-19 11:20:00,3150.1438,3033.6873380087404
2013-12-19 11:30:00,3046.8457,3140.2787960422033
2013-12-19 11:40:00,3468.6465,3116.958806808735
2013-12-19 11:50:00,3090.9265,3367.1748312158334
2013-12-19 12:00:00,3197.6746,3238.1016062699346
2013-12-19 12:10:00,3417.0127,3225.626333532967
2013-12-19 12:20:00,2906.8586,3355.0030386184435
2013-12-19 12:30:00,3040.736,3083.2197345205395
2013-12-19 12:40:00,3329.9263,3025.5363107599633
2013-12-19 12:50:00,3320.116,3189.938384622018
2013-12-19 13:00:00,3093.6794,3270.469274825228
2013-12-19 13:10:00,3205.8435,3158.6396318475
2013-12-19 13:20:00,2994.403,3168.386255195071
2013-12-19 13:30:00,2840.9158,3035.4341025168033
2013-12-19 13:40:00,2868.2764,2868.5996838328115
2013-12-19 13:50:00,2783.3262,2808.540833304327
2013-12-19 14:00:00,2646.1895,2734.2546434717465
2013-12-19 14:10:00,2663.997,2617.9902042683952
2013-12-19 14:20:00,2644.556,2581.481422934572
2013-12-19 14:30:00,2672.2568,2562.272675000937
2013-12-19 14:40:00,2697.133,2579.833952160161
2013-12-19 14:50:00,2690.9583,2611.364075131522
2013-12-19 15:00:00,2776.7083,2626.3413925720133
2013-12-19 15:10:00,2705.3884,2689.9151607799445
2013-12-19 15:20:00,2695.6719,2674.5054527160337
2013-12-19 15:30:00,2693.8853,2656.993247008637
2013-12-19 15:40:00,2853.3987,2645.343974810736
2013-12-19 15:50:00,2749.0474,2742.586041326276
2013-12-19 16:00:00,3048.158,2723.146012274718
2013-12-19 16:10:00,3068.6235,2903.10425810565
2013-12-19 16:20:00,3087.5913,3003.3002786366337
2013-12-19 16:30:00,3060.1067,3055.283690463859
2013-12-19 16:40:00,2897.219,3051.830798371111
2013-12-19 16:50:00,2815.6306,2934.4465562345817
2013-12-19 17:00:00,2529.0251,2817.0359971812245
2013-12-19 17:10:00,2245.4712,2574.445211285215
2013-12-19 17:20:00,2233.3381,2277.268602641802
2013-12-19 17:30:00,2286.0046,2138.788208920265
2013-12-19 17:40:00,2205.617,2129.9400440176814
2013-12-19 17:50:00,1936.1973,2097.518260829756
2013-12-19 18:00:00,1866.63,1923.7285674684053
2013-12-19 18:10:00,1681.9674,1806.0459817771343
2013-12-19 18:20:00,1652.0215,1645.6844984118266
2013-12-19 18:30:00,1538.9087,1564.8190925414688
2013-12-19 18:40:00,1475.5173,1471.4839924656142
2013-12-19 18:50:00,1352.842,1401.9397266474207
2013-12-19 19:00:00,1158.3793,1304.7245543113502
2013-12-19 19:10:00,1261.2252,1145.4509059374677
2013-12-19 19:20:00,1102.8248,1148.4783790396446
2013-12-19 19:30:00,1114.7931,1065.26306974623
2013-12-19 19:40:00,1173.9225,1044.2418592790948
2013-12-19 19:50:00,1068.9015,1084.8029699270824
2013-12-19 20:00:00,939.72955,1046.493084877317
2013-12-19 20:10:00,1005.5471,948.651046704518
2013-12-19 20:20:00,993.1734,948.3181097623644
2013-12-19 20:30:00,919.0538,948.5748567442331
2013-12-19 20:40:00,906.5617,906.5030180172241
2013-12-19 20:50:00,883.3217,881.6983074528284
2013-12-19 21:00:00,956.2233,859.2355499046513
2013-12-19 21:10:00,833.2599,899.9907444869054
2013-12-19 21:20:00,928.9671,844.5732644029035
2013-12-19 21:30:00,825.7767,880.2064466956343
2013-12-19 21:40:00,843.0537,834.1485901135272
2013-12-19 21:50:00,873.6688,823.0827921878506
2013-12-19 22:00:00,799.6934,839.9583874389164
2013-12-19 22:10:00,756.8203,802.4493121722908
2013-12-19 22:20:00,680.18646,756.6459168859823
2013-12-19 22:30:00,654.8073,686.3315180867417
2013-12-19 22:40:00,658.9542,638.5416424954265
2013-12-19 22:50:00,670.3719,623.1414491882189
2013-12-19 23:00:00,609.7657,628.8138219088966
2013-12-19 23:10:00,572.6031,596.8576725919336
2013-12-19 23:20:00,546.6251,559.6036446116614
2013-12-19 23:30:00,445.5345,527.4844956976933
2013-12-19 23:40:00,416.4778,449.7575259716685
2013-12-19 23:50:00,437.19073,396.3697381683758
2013-12-20 00:00:00,388.09546,389.58932749278006
2013-12-20 00:10:00,445.26297,360.96034847554677
2013-12-20 00:20:00,432.44376,388.53890324480926
2013-12-20 00:30:00,399.51376,398.2486460461679
2013-12-20 00:40:00,385.19983,383.2463607975235
2013-12-20 00:50:00,376.388,367.055813864834
2013-12-20 01:00:00,302.2584,354.3353309045912
2013-12-20 01:10:00,334.0398,301.3613697407696
2013-12-20 01:20:00,321.2563,297.3380479846944
2013-12-20 01:30:00,274.6669,290.64342752376183
2013-12-20 01:40:00,295.47778,259.7765359971859
2013-12-20 01:50:00,303.47922,260.22460174577736
2013-12-20 02:00:00,269.95355,268.7170418030663
2013-12-20 02:10:00,264.63657,253.37868839455223
2013-12-20 02:20:00,304.62817,243.62443643172628
2013-12-20 02:30:00,258.48502,266.56523574644166
2013-12-20 02:40:00,254.43987,249.92152985112477
2013-12-20 02:50:00,292.40668,239.58814483667243
2013-12-20 03:00:00,244.99835,260.5829752635025
2013-12-20 03:10:00,281.62976,242.05404511272923
2013-12-20 03:20:00,310.6495,257.30676214637424
2013-12-20 03:30:00,270.8539,285.4251148616047
2013-12-20 03:40:00,288.6706,274.4256579789029
2013-12-20 03:50:00,311.6656,280.315899878648
2013-12-20 04:00:00,340.30853,299.0281051892124
2013-12-20 04:10:00,257.40024,327.71933861376283
2013-12-20 04:20:00,263.83505,288.3618914653832
2013-12-20 04:30:00,236.5824,272.45359414266056
2013-12-20 04:40:00,278.82315,248.9459482374433
2013-12-20 04:50:00,284.65662,267.47049272011
2013-12-20 05:00:00,254.3376,284.00513976127786
2013-12-20 05:10:00,276.81293,274.6805047964086
2013-12-20 05:20:00,281.8144,285.9582410934689
2013-12-20 05:30:00,239.26895,296.7295984603958
2013-12-20 05:40:00,286.4895,275.85151781547984
2013-12-20 05:50:00,352.1236,297.20756834203394
2013-12-20 06:00:00,332.02835,352.647620024616
2013-12-20 06:10:00,333.04712,368.1440871944649
2013-12-20 06:20:00,385.95535,375.15040775036357
2013-12-20 06:30:00,387.94476,411.84999345588267
2013-12-20 06:40:00,561.61523,430.72474708799155
2013-12-20 06:50:00,627.85767,551.0937228830418
2013-12-20 07:00:00,701.8379,652.034951982697
2013-12-20 07:10:00,829.52094,743.5862861512671
2013-12-20 07:20:00,994.8754,862.9697805836053
2013-12-20 07:30:00,1025.4429,1019.3610934707849
2013-12-20 07:40:00,1384.3286,1104.421978025312
2013-12-20 07:50:00,1571.4777,1363.9509417510235
2013-12-20 08:00:00,1814.9303,1599.456114753321
2013-12-20 08:10:00,2100.2092,1852.0347690166523
2013-12-20 08:20:00,2204.1826,2136.1555831731694
2013-12-20 08:30:00,2249.3416,2314.639799536867
2013-12-20 08:40:00,2339.186,2398.7303081710147
2013-12-20 08:50:00,2431.0935,2467.391330837399
2013-12-20 09:00:00,2359.0098,2535.7179941501777
2013-12-20 09:10:00,2436.4668,2502.1874868968193
2013-12-20 09:20:00,2569.6575,2518.460858795219
2013-12-20 09:30:00,2629.2473,2602.445480682294
2013-12-20 09:40:00,2746.3516,2674.4307949248036
2013-12-20 09:50:00,2668.5208,2776.070110899651
2013-12-20 10:00:00,2748.2458,2765.246265357253
2013-12-20 10:10:00,2844.245,2799.1373602451254
2013-12-20 10:20:00,2771.4475,2869.718609469025
2013-12-20 10:30:00,2981.772,2849.47986492584
2013-12-20 10:40:00,3096.7256,2966.62143064454
2013-12-20 10:50:00,2980.405,3093.156276916855
2013-12-20 11:00:00,2922.0237,3069.978095395115
2013-12-20 11:10:00,3167.6196,3006.9654081669214
2013-12-20 11:20:00,3094.6333,3126.2777819475505
2013-12-20 11:30:00,3288.548,3134.1728661824036
2013-12-20 11:40:00,3428.2273,3254.932202564518
2013-12-20 11:50:00,3247.311,3398.0749226057615
2013-12-20 12:00:00,3309.42,3340.095082655235
2013-12-20 12:10:00,3445.0588,3336.434408553174
2013-12-20 12:20:00,3121.7588,3414.260704736009
2013-12-20 12:30:00,3351.352,3236.7172740076185
2013-12-20 12:40:00,3261.4304,3289.177958967395
2013-12-20 12:50:00,3091.6462,3258.568442868045
2013-12-20 13:00:00,3273.6484,3131.253844372413
2013-12-20 13:10:00,3073.1973,3185.753305095348
2013-12-20 13:20:00,3069.32,3087.57894394294
2013-12-20 13:30:00,2959.3398,3036.5964846662855
2013-12-20 13:40:00,3132.4456,2944.1094611602834
2013-12-20 13:50:00,2841.3792,3015.271746721981
2013-12-20 14:00:00,2857.4458,2868.5426842047445
2013-12-20 14:10:00,2897.9282,2807.1846092938
2013-12-20 14:20:00,2816.0342,2810.1154198098384
2013-12-20 14:30:00,2770.7969,2765.6417456756835
2013-12-20 14:40:00,3127.0876,2718.6350665902733
2013-12-20 14:50:00,2878.5342,2931.2527684265074
2013-12-20 15:00:00,3007.1934,2880.2312932884265
2013-12-20 15:10:00,2896.5752,2931.5625614408523
2013-12-20 15:20:00,2922.5242,2882.6964870186284
2013-12-20 15:30:00,2883.4846,2871.0728607365236
2013-12-20 15:40:00,2909.8333,2839.2766991314493
2013-12-20 15:50:00,2684.6575,2840.626672806982
2013-12-20 16:00:00,2849.299,2696.6441167173775
2013-12-20 16:10:00,2931.25,2733.1773973640916
2013-12-20 16:20:00,2573.3013,2811.915243330594
2013-12-20 16:30:00,2515.543,2622.025105199653
2013-12-20 16:40:00,2507.9436,2489.325541371539
2013-12-20 16:50:00,2226.5347,2427.043477515961
2013-12-20 17:00:00,2203.5464,2225.737167089223
2013-12-20 17:10:00,2082.3489,2122.609273616461
2013-12-20 17:20:00,1719.538,2010.4443131030825
2013-12-20 17:30:00,1901.25,1736.5528644139329
2013-12-20 17:40:00,1769.5541,1736.1010660073264
2013-12-20 17:50:00,1628.4906,1675.3108296087116
2013-12-20 18:00:00,1499.522,1570.8972440489001
2013-12-20 18:10:00,1488.8445,1450.4171497102864
2013-12-20 18:20:00,1333.2395,1399.2382285294989
2013-12-20 18:30:00,1216.8798,1289.4024428790265
2013-12-20 18:40:00,1138.0107,1173.478195844213
2013-12-20 18:50:00,1066.633,1079.9305197350056
2013-12-20 19:00:00,1032.1316,1003.3140740859335
2013-12-20 19:10:00,1043.8257,958.6077804823951
2013-12-20 19:20:00,1009.77686,958.5787794602016
2013-12-20 19:30:00,895.5724,948.7089405091335
2013-12-20 19:40:00,914.85645,878.2997717647845
2013-12-20 19:50:00,885.69586,862.5311118522118
2013-12-20 20:00:00,917.4472,843.8338666172589
2013-12-20 20:10:00,873.7311,861.5971816058104
2013-12-20 20:20:00,781.09576,847.451527878831
2013-12-20 20:30:00,800.3652,783.3688826615692
2013-12-20 20:40:00,801.47546,767.0519755206254
2013-12-20 20:50:00,840.07153,764.8239564771275
2013-12-20 21:00:00,769.9396,793.1140416084786
2013-12-20 21:10:00,678.9203,764.7332795412945
2013-12-20 21:20:00,827.21454,692.4730705218662
2013-12-20 21:30:00,803.5616,754.8955801066706
2013-12-20 21:40:00,721.7792,775.172074715586
2013-12-20 21:50:00,781.7198,732.3712076855909
2013-12-20 22:00:00,704.7132,749.249967992318
2013-12-20 22:10:00,847.9294,709.0311928718988
2013-12-20 22:20:00,711.7118,782.1276936331515
2013-12-20 22:30:00,733.27405,731.749645586345
2013-12-20 22:40:00,672.7558,718.4938128232036
2013-12-20 22:50:00,650.9423,673.357208532266
2013-12-20 23:00:00,660.82275,637.8348520856184
2013-12-20 23:10:00,704.2964,629.3186554021265
2013-12-20 23:20:00,598.08527,656.6354723212705
2013-12-20 23:30:00,612.6435,603.7285062310362
2013-12-20 23:40:00,574.4144,587.2448924070346
2013-12-20 23:50:00,538.6332,556.8067698727964
2013-12-21 00:00:00,506.62985,520.8764079579271
2013-12-21 00:10:00,487.7432,485.23091524597555
2013-12-21 00:20:00,479.391,458.8813497664722
2013-12-21 00:30:00,435.40778,444.40145149027956
2013-12-21 00:40:00,471.49017,412.54470388104255
2013-12-21 00:50:00,396.91702,423.4124438332518
2013-12-21 01:00:00,348.55618,384.03311282354844
2013-12-21 01:10:00,479.28113,335.09063091931614
2013-12-21 01:20:00,344.19623,398.8640059905856
2013-12-21 01:30:00,423.1674,347.24378021416874
2013-12-21 01:40:00,399.72092,373.0179588326097
2013-12-21 01:50:00,389.96762,373.1335687279411
2013-12-21 02:00:00,368.22296,367.50599983345455
2013-12-21 02:10:00,400.01047,351.19806212322703
2013-12-21 02:20:00,342.7416,364.6088123672969
2013-12-21 02:30:00,298.15744,335.657852875898
2013-12-21 02:40:00,299.0245,293.10032598586054
2013-12-21 02:50:00,308.54465,274.75066929199374
2013-12-21 03:00:00,347.90204,275.6485071425543
2013-12-21 03:10:00,346.21344,305.4343096488608
2013-12-21 03:20:00,249.62515,322.0009519125854
2013-12-21 03:30:00,243.95177,268.5239733786975
2013-12-21 03:40:00,255.19742,238.74483418017462
2013-12-21 03:50:00,206.65225,234.57820540711327
2013-12-21 04:00:00,213.54369,205.15874522214858
2013-12-21 04:10:00,264.47836,198.61936747189657
2013-12-21 04:20:00,190.69513,232.78733366144183
2013-12-21 04:30:00,212.31595,205.65044910138295
2013-12-21 04:40:00,240.70879,207.8293536193214
2013-12-21 04:50:00,186.1605,230.29020433064534
2013-12-21 05:00:00,223.51172,208.52458168072621
2013-12-21 05:10:00,219.1896,223.25714906824692
2013-12-21 05:20:00,205.64354,230.25306230990896
2013-12-21 05:30:00,195.75175,226.55074312634338
2013-12-21 05:40:00,246.69402,219.69004366062768
2013-12-21 05:50:00,202.85002,251.07635951026623
2013-12-21 06:00:00,217.66115,240.2436327268381
2013-12-21 06:10:00,227.7935,245.0034379882727
2013-12-21 06:20:00,215.32538,255.35066721196768
2013-12-21 06:30:00,221.06284,253.6502246117036
2013-12-21 06:40:00,259.14685,257.41162765563445
2013-12-21 06:50:00,272.075,285.13777113169135
2013-12-21 07:00:00,285.7214,308.287624247801
2013-12-21 07:10:00,278.958,328.3932072119069
2013-12-21 07:20:00,278.19638,333.0836927279306
2013-12-21 07:30:00,231.95676,333.6948881163644
2013-12-21 07:40:00,309.91586,303.23084363719954
2013-12-21 07:50:00,275.5203,338.43369231431666
2013-12-21 08:00:00,274.7701,334.9453987743941
2013-12-21 08:10:00,374.76315,332.15568312079233
2013-12-21 08:20:00,319.24484,395.5110819462517
2013-12-21 08:30:00,368.69528,390.88596193530384
2013-12-21 08:40:00,379.07684,417.6934389174046
2013-12-21 08:50:00,361.63367,435.8036056430906
2013-12-21 09:00:00,431.41107,430.7610802908729
2013-12-21 09:10:00,454.8043,470.6791234070901
2013-12-21 09:20:00,413.9554,503.6615490562101
2013-12-21 09:30:00,484.30368,489.9697938908621
2013-12-21 09:40:00,528.7535,524.5645534292762
2013-12-21 09:50:00,653.6567,567.8764194847206
2013-12-21 10:00:00,439.9082,666.4710523162336
2013-12-21 10:10:00,483.7058,571.3857708123367
2013-12-21 10:20:00,482.59622,544.075208114299
2013-12-21 10:30:00,496.27115,527.9044946247931
2013-12-21 10:40:00,505.2123,528.1559483007677
2013-12-21 10:50:00,596.3699,533.7888612361471
2013-12-21 11:00:00,616.4279,594.8424661086608
2013-12-21 11:10:00,672.27057,636.4948820082415
2013-12-21 11:20:00,606.2478,688.6566740500526
2013-12-21 11:30:00,611.718,665.7393440350501
2013-12-21 11:40:00,520.16656,650.7464586090049
2013-12-21 11:50:00,497.53125,579.3738145588312
2013-12-21 12:00:00,499.46503,526.2444793995077
2013-12-21 12:10:00,581.15454,501.7085053895499
2013-12-21 12:20:00,552.1506,544.6543669748633
2013-12-21 12:30:00,646.7219,548.8780772782081
2013-12-21 12:40:00,643.5367,610.7503157324527
2013-12-21 12:50:00,555.04614,637.268625284495
2013-12-21 13:00:00,589.18256,587.9361357184085
2013-12-21 13:10:00,602.50653,580.3114589323727
2013-12-21 13:20:00,520.00256,583.2029285270652
2013-12-21 13:30:00,454.6469,529.4619295144737
2013-12-21 13:40:00,489.85046,458.60146024171826
2013-12-21 13:50:00,527.1475,447.08182065444913
2013-12-21 14:00:00,500.52725,468.8509916210088
2013-12-21 14:10:00,549.468,464.58043290134754
2013-12-21 14:20:00,474.72382,494.2192513636976
2013-12-21 14:30:00,481.09317,460.1395933722705
2013-12-21 14:40:00,564.00806,445.4480749562515
2013-12-21 14:50:00,470.29813,491.91072661135627
2013-12-21 15:00:00,507.5579,454.4284048522618
2013-12-21 15:10:00,481.74786,457.8271478330108
2013-12-21 15:20:00,476.9445,442.80723654828745
2013-12-21 15:30:00,472.4902,431.9591849640949
2013-12-21 15:40:00,574.7181,424.0846074531125
2013-12-21 15:50:00,477.47223,487.2093755712596
2013-12-21 16:00:00,509.322,456.13439368143577
2013-12-21 16:10:00,582.452,458.9798170345526
2013-12-21 16:20:00,560.96,507.696562968703
2013-12-21 16:30:00,488.48517,517.6986782891702
2013-12-21 16:40:00,541.77325,473.3281171970607
2013-12-21 16:50:00,444.57492,484.08585599752286
2013-12-21 17:00:00,530.27124,427.3651279765609
2013-12-21 17:10:00,533.8649,455.3139121894511
2013-12-21 17:20:00,513.35547,474.6731833082545
2013-12-21 17:30:00,471.74976,472.04896507802516
2013-12-21 17:40:00,558.72833,443.8735623263059
2013-12-21 17:50:00,478.33832,486.88210035300807
2013-12-21 18:00:00,481.84167,457.99321115756766
2013-12-21 18:10:00,559.3179,445.6202628019217
2013-12-21 18:20:00,554.10406,491.23673204983027
2013-12-21 18:30:00,547.5673,512.3367691809126
2013-12-21 18:40:00,554.0689,518.0102381494212
2013-12-21 18:50:00,477.06857,524.0224730420451
2013-12-21 19:00:00,460.978,476.41819045539864
2013-12-21 19:10:00,512.95544,442.0609438563399
2013-12-21 19:20:00,443.4748,461.12084933541837
2013-12-21 19:30:00,471.70853,428.97933417609545
2013-12-21 19:40:00,444.98468,433.1676056591285
2013-12-21 19:50:00,426.44876,420.89533985355365
2013-12-21 20:00:00,461.81088,404.88344666144326
2013-12-21 20:10:00,464.07947,422.13668894899274
2013-12-21 20:20:00,454.74393,434.6219759471883
2013-12-21 20:30:00,432.80283,435.7877189684025
2013-12-21 20:40:00,455.832,422.4082303456297
2013-12-21 20:50:00,469.57806,431.00559438527387
2013-12-21 21:00:00,430.80716,445.10834039028794
2013-12-21 21:10:00,462.619,427.2359493676511
2013-12-21 21:20:00,474.33508,438.63722779512136
2013-12-21 21:30:00,472.1514,452.4903455528348
2013-12-21 21:40:00,466.91733,457.80835088503113
2013-12-21 21:50:00,535.29535,456.29213662216193
2013-12-21 22:00:00,518.03986,499.11174569642094
2013-12-21 22:10:00,441.86853,508.5683378854776
2013-12-21 22:20:00,385.2778,461.3571477741341
2013-12-21 22:30:00,364.363,399.07669211250834
2013-12-21 22:40:00,409.0308,355.3368864252685
2013-12-21 22:50:00,324.79208,365.94769155676556
2013-12-21 23:00:00,464.2636,320.68771681816133
2013-12-21 23:10:00,556.527,390.95965135991037
2013-12-21 23:20:00,559.4772,489.0419650920728
2013-12-21 23:30:00,679.31744,538.3222005894961
2013-12-21 23:40:00,820.9844,634.8700619662752
2013-12-21 23:50:00,884.4169,768.2723065849632
2013-12-22 00:00:00,1037.0502,866.4384015713179
2013-12-22 00:10:00,994.9923,1001.4843037824185
2013-12-22 00:20:00,1163.591,1027.7146164208648
2013-12-22 00:30:00,957.0945,1134.576779308764
2013-12-22 00:40:00,955.59314,1041.6132643788412
2013-12-22 00:50:00,995.63904,981.5062637279043
2013-12-22 01:00:00,985.51965,973.2197340812513
2013-12-22 01:10:00,1118.0166,962.3081959011081
2013-12-22 01:20:00,1052.2269,1043.107104160033
2013-12-22 01:30:00,1061.6437,1041.0818776372364
2013-12-22 01:40:00,835.6274,1042.8877597127882
2013-12-22 01:50:00,1041.6499,895.0846585549239
2013-12-22 02:00:00,999.20844,954.3117785178051
2013-12-22 02:10:00,820.4097,962.3289567310756
2013-12-22 02:20:00,755.2863,851.9032704186409
2013-12-22 02:30:00,766.4913,755.9795524821379
2013-12-22 02:40:00,650.0859,721.9538926818825
2013-12-22 02:50:00,542.87256,638.6107562665434
2013-12-22 03:00:00,566.58,535.8781351958976
2013-12-22 03:10:00,569.7812,510.2264405777828
2013-12-22 03:20:00,532.1656,511.5128874546722
2013-12-22 03:30:00,370.3822,497.4473223041125
2013-12-22 03:40:00,393.52292,392.49235065961966
2013-12-22 03:50:00,431.68192,361.4795446627968
2013-12-22 04:00:00,362.13434,380.38360591781384
2013-12-22 04:10:00,220.06572,353.04372203902676
2013-12-22 04:20:00,183.95947,252.72099835561676
2013-12-22 04:30:00,186.99693,185.19971110923007
2013-12-22 04:40:00,184.61205,162.8776933095619
2013-12-22 04:50:00,196.37656,160.26981170668614
2013-12-22 05:00:00,167.44131,175.05053991448267
2013-12-22 05:10:00,171.16751,170.04969745524704
2013-12-22 05:20:00,191.29349,174.2978023608391
2013-12-22 05:30:00,161.44586,193.23686270984194
2013-12-22 05:40:00,170.60727,186.21789452590656
2013-12-22 05:50:00,174.6964,190.42395252621304
2013-12-22 06:00:00,181.15367,197.26586143100053
2013-12-22 06:10:00,198.82335,206.65264106661925
2013-12-22 06:20:00,179.38576,224.2278832694053
2013-12-22 06:30:00,180.7942,221.3980399924567
2013-12-22 06:40:00,190.4184,221.329845844622
2013-12-22 06:50:00,172.81429,228.44112634670478
2013-12-22 07:00:00,196.85368,221.59824608936992
2013-12-22 07:10:00,315.68027,234.60544209406885
2013-12-22 07:20:00,185.09996,319.3723553859479
2013-12-22 07:30:00,205.30139,277.11868059448295
2013-12-22 07:40:00,277.99747,265.95989969373454
2013-12-22 07:50:00,269.70776,307.57211321158434
2013-12-22 08:00:00,229.31062,323.4669602699138
2013-12-22 08:10:00,251.14209,303.7482183673178
2013-12-22 08:20:00,241.251,306.56522645639745
2013-12-22 08:30:00,260.74567,301.4291874788154
2013-12-22 08:40:00,289.55267,311.3073944834863
2013-12-22 08:50:00,317.6177,334.89649693870797
2013-12-22 09:00:00,268.85623,364.1829121116716
2013-12-22 09:10:00,294.92975,345.32670793516314
2013-12-22 09:20:00,320.86197,350.1394452846807
2013-12-22 09:30:00,332.9196,368.0711956700972
2013-12-22 09:40:00,343.0651,383.33293403182415
2013-12-22 09:50:00,319.6543,395.25584806428185
2013-12-22 10:00:00,393.04242,383.3078581683343
2013-12-22 10:10:00,390.87643,422.1714842044063
2013-12-22 10:20:00,340.58954,438.1054948539744
2013-12-22 10:30:00,336.16986,409.675770240164
2013-12-22 10:40:00,408.23965,388.89787276619063
2013-12-22 10:50:00,390.3639,423.49278196338935
2013-12-22 11:00:00,392.3363,428.0462636309157
2013-12-22 11:10:00,410.13565,428.5959218574831
2013-12-22 11:20:00,415.60223,437.46730904165076
2013-12-22 11:30:00,443.78906,442.6455209000872
2013-12-22 11:40:00,465.2193,460.45927067260993
2013-12-22 11:50:00,453.282,480.11308848522987
2013-12-22 12:00:00,546.5487,478.40269828794294
2013-12-22 12:10:00,502.9173,533.873438801356
2013-12-22 12:20:00,499.919,529.4679103197781
2013-12-22 12:30:00,481.3729,519.5558149113516
2013-12-22 12:40:00,523.12317,498.1556490037225
2013-12-22 12:50:00,493.44873,511.36642266714796
2013-12-22 13:00:00,613.05676,496.7059552914279
2013-12-22 13:10:00,622.08905,564.4148938327023
2013-12-22 13:20:00,585.4621,601.9848647773175
2013-12-22 13:30:00,575.93835,591.728022719923
2013-12-22 13:40:00,565.0086,574.6328587388176
2013-12-22 13:50:00,508.62466,555.0255544808973
2013-12-22 14:00:00,573.56366,506.249881928016
2013-12-22 14:10:00,540.985,522.9845557004696
2013-12-22 14:20:00,499.356,511.0946015788693
2013-12-22 14:30:00,538.56976,477.62907209004067
2013-12-22 14:40:00,542.69696,486.30182428429254
2013-12-22 14:50:00,526.4454,494.35858218324876
2013-12-22 15:00:00,529.1866,487.8187270944954
2013-12-22 15:10:00,572.53143,485.7338265020333
2013-12-22 15:20:00,532.5491,512.4967096010073
2013-12-22 15:30:00,580.4257,499.49792611923897
2013-12-22 15:40:00,647.1941,522.5408076039446
2013-12-22 15:50:00,558.88586,576.7193086446614
2013-12-22 16:00:00,547.6403,544.7221819652641
2013-12-22 16:10:00,564.81726,518.0234121954784
2013-12-22 16:20:00,590.0939,515.1088138908503
2013-12-22 16:30:00,563.39,530.8427195255008
2013-12-22 16:40:00,624.62726,522.083946789236
2013-12-22 16:50:00,532.387,557.4279472279279
2013-12-22 17:00:00,516.37805,515.6261544902218
2013-12-22 17:10:00,556.71545,483.48967702947436
2013-12-22 17:20:00,513.04004,495.27068162395994
2013-12-22 17:30:00,496.24185,475.5712119798858
2013-12-22 17:40:00,521.32025,456.5634446879992
2013-12-22 17:50:00,449.22076,465.78364877393335
2013-12-22 18:00:00,456.61038,426.3773566225219
2013-12-22 18:10:00,406.3913,413.4830583569182
2013-12-22 18:20:00,376.7385,377.9521922137791
2013-12-22 18:30:00,331.3848,344.4193678549854
2013-12-22 18:40:00,360.7096,302.66157010901895
2013-12-22 18:50:00,288.14633,305.85315289311666
2013-12-22 19:00:00,307.3615,265.93382891002614
2013-12-22 19:10:00,340.1692,262.62003855538944
2013-12-22 19:20:00,283.19955,287.1682161820527
2013-12-22 19:30:00,283.03537,266.13001735113403
2013-12-22 19:40:00,243.07599,257.3105343355368
2013-12-22 19:50:00,211.0859,229.44362418638434
2013-12-22 20:00:00,229.33755,197.2219433773182
2013-12-22 20:10:00,252.6313,196.25728555467708
2013-12-22 20:20:00,232.55634,214.75705373315748
2013-12-22 20:30:00,243.38852,213.7333754590868
2013-12-22 20:40:00,239.44942,221.47454577627047
2013-12-22 20:50:00,226.13972,223.76240410112507
2013-12-22 21:00:00,218.93285,216.69310854487253
2013-12-22 21:10:00,234.47743,208.79592575995093
2013-12-22 21:20:00,231.87494,215.56147636200058
2013-12-22 21:30:00,213.88354,218.02815512327322
2013-12-22 21:40:00,209.93727,207.81440231544025
2013-12-22 21:50:00,209.09283,200.2369791414701
2013-12-22 22:00:00,213.3054,196.41640144026485
2013-12-22 22:10:00,238.21701,197.88676839716027
2013-12-22 22:20:00,188.37274,215.30901744736445
2013-12-22 22:30:00,219.61612,191.78291318197785
2013-12-22 22:40:00,247.00484,199.61889036608522
2013-12-22 22:50:00,202.41368,221.71944636164176
2013-12-22 23:00:00,254.67386,203.52115764980806
2013-12-22 23:10:00,260.00098,227.1069008202087
2013-12-22 23:20:00,190.74252,242.05137256358012
2013-12-22 23:30:00,237.62634,203.11678000219445
2013-12-22 23:40:00,207.7769,212.4824955330464
2013-12-22 23:50:00,191.04552,198.23212224990675
